{
  "HDC": {
    "f1": 0.7104169571886766,
    "train_ms": 162.6430079995771,
    "model_kb": 1.220703125,
    "infer_us": 24.491142001352273,
    "params": 10000,
    "framework": "none",
    "passes": "1"
  },
  "T\u00b2+Q": {
    "f1": 0.6984222471357087,
    "train_ms": 91.67298801185098,
    "model_kb": 0.21875,
    "infer_us": 889.6982860023854,
    "params": 